1,ckuthyar,Chandrashekar Rao Kuthyar
2,rajathadiga.sangamone,Rajath Adiga
3,keerthanak.sangamone,Keerthana K
4,prajwalpraju2024,Prajwal BR
5,shashanks.sangamone,Shashank S
6,haharsha.in,Harsha
7,chaitanyanilekani.sangamone,Chaitanya
8,rohitrakesh,Rohit
